{
  "alpha": 0.05,
  "level_bins": [
    "270-279",
    "280-285",
    "286-290"
  ],
  "class_groups": [
    "전사",
    "마법사",
    "궁수",
    "도적",
    "해적"
  ],
  "features_input": "data/features_monthly.csv",
  "cluster_input": "data/cluster_labels.csv",
  "current_input": "data/h1_current_candidates.csv",
  "labels": [
    {
      "label": "is_stagnant_cluster",
      "description": "H1 클러스터 후보",
      "dataset": "cluster",
      "n": 1979,
      "candidate_n": 412,
      "candidate_rate": 0.20818595250126326,
      "tests": [
        {
          "dimension": "level_band",
          "table": {
            "270-279": {
              "non_candidate": 413,
              "candidate": 277
            },
            "280-285": {
              "non_candidate": 569,
              "candidate": 118
            },
            "286-290": {
              "non_candidate": 585,
              "candidate": 17
            }
          },
          "chi2": 280.1228864857393,
          "dof": 2,
          "p_value": 1.48623701133795e-61,
          "monte_carlo_p_value": 9.99990000099999e-06,
          "monte_carlo_iterations": 100000,
          "min_expected_frequency": 125.32794340576048,
          "cramers_v": 0.3762282472518333,
          "categories": [
            {
              "category": "270-279",
              "n": 690,
              "candidate_n": 277,
              "candidate_rate": 0.40144927536231884,
              "candidate_standardized_residual": 11.12623623468434,
              "odds_ratio_vs_rest": 5.733261590888709,
              "odds_ratio_ci95": [
                4.535152143620763,
                7.247891014151698
              ],
              "fisher_p_vs_rest": 6.4835703531295126e-52
            },
            {
              "category": "280-285",
              "n": 687,
              "candidate_n": 118,
              "candidate_rate": 0.1717612809315866,
              "candidate_standardized_residual": -2.0924173003768467,
              "odds_ratio_vs_rest": 0.7039680547087025,
              "odds_ratio_ci95": [
                0.5553609465201654,
                0.8923404232068384
              ],
              "fisher_p_vs_rest": 0.003626041081590206
            },
            {
              "category": "286-290",
              "n": 602,
              "candidate_n": 17,
              "candidate_rate": 0.02823920265780731,
              "candidate_standardized_residual": -9.676460801159859,
              "odds_ratio_vs_rest": 0.07224494211835984,
              "odds_ratio_ci95": [
                0.04398708742365131,
                0.11865599582478364
              ],
              "fisher_p_vs_rest": 3.558658995014879e-49
            }
          ],
          "holm_adjusted_p_value": 2.9724740226759e-61
        },
        {
          "dimension": "class_group",
          "table": {
            "전사": {
              "non_candidate": 310,
              "candidate": 85
            },
            "마법사": {
              "non_candidate": 322,
              "candidate": 73
            },
            "궁수": {
              "non_candidate": 310,
              "candidate": 88
            },
            "도적": {
              "non_candidate": 317,
              "candidate": 82
            },
            "해적": {
              "non_candidate": 308,
              "candidate": 84
            }
          },
          "chi2": 1.93565869089627,
          "dof": 4,
          "p_value": 0.747591730177826,
          "monte_carlo_p_value": 0.7466025339746603,
          "monte_carlo_iterations": 100000,
          "min_expected_frequency": 81.6088933804952,
          "cramers_v": 0.03127458055726697,
          "categories": [
            {
              "category": "전사",
              "n": 395,
              "candidate_n": 85,
              "candidate_rate": 0.21518987341772153,
              "candidate_standardized_residual": 0.30508023382688404,
              "odds_ratio_vs_rest": 1.0540100621485646,
              "odds_ratio_ci95": [
                0.8053686822924753,
                1.3794144663635883
              ],
              "fisher_p_vs_rest": 0.7291292785401797
            },
            {
              "category": "마법사",
              "n": 395,
              "candidate_n": 73,
              "candidate_rate": 0.1848101265822785,
              "candidate_standardized_residual": -1.0182157283504398,
              "odds_ratio_vs_rest": 0.8326004507228055,
              "odds_ratio_ci95": [
                0.6286236576442459,
                1.1027639544169554
              ],
              "fisher_p_vs_rest": 0.21289053689566967
            },
            {
              "category": "궁수",
              "n": 398,
              "candidate_n": 88,
              "candidate_rate": 0.22110552763819097,
              "candidate_standardized_residual": 0.5648902217292152,
              "odds_ratio_vs_rest": 1.1013142174432498,
              "odds_ratio_ci95": [
                0.8437673106190225,
                1.437473329765299
              ],
              "fisher_p_vs_rest": 0.48994017599591216
            },
            {
              "category": "도적",
              "n": 399,
              "candidate_n": 82,
              "candidate_rate": 0.20551378446115287,
              "candidate_standardized_residual": -0.11698347079151615,
              "odds_ratio_vs_rest": 0.9798298441831564,
              "odds_ratio_ci95": [
                0.7469026501223004,
                1.285397130931031
              ],
              "fisher_p_vs_rest": 0.9449984770093558
            },
            {
              "category": "해적",
              "n": 392,
              "candidate_n": 84,
              "candidate_rate": 0.21428571428571427,
              "candidate_standardized_residual": 0.2646855285785165,
              "odds_ratio_vs_rest": 1.046840354767184,
              "odds_ratio_ci95": [
                0.7990335419237328,
                1.3715002823669753
              ],
              "fisher_p_vs_rest": 0.7288568571055123
            }
          ],
          "holm_adjusted_p_value": 0.747591730177826
        }
      ]
    },
    {
      "label": "is_current_parking_candidate",
      "description": "현재성 후보",
      "dataset": "current",
      "n": 1884,
      "candidate_n": 63,
      "candidate_rate": 0.03343949044585987,
      "tests": [
        {
          "dimension": "level_band",
          "table": {
            "270-279": {
              "non_candidate": 564,
              "candidate": 31
            },
            "280-285": {
              "non_candidate": 663,
              "candidate": 24
            },
            "286-290": {
              "non_candidate": 594,
              "candidate": 8
            }
          },
          "chi2": 14.021048643926544,
          "dof": 2,
          "p_value": 0.000902335350100045,
          "monte_carlo_p_value": 0.0007399926000739993,
          "monte_carlo_iterations": 100000,
          "min_expected_frequency": 19.896496815286625,
          "cramers_v": 0.08626801373143442,
          "categories": [
            {
              "category": "270-279",
              "n": 595,
              "candidate_n": 31,
              "candidate_rate": 0.052100840336134456,
              "candidate_standardized_residual": 2.4892683260910666,
              "odds_ratio_vs_rest": 2.1590757978723403,
              "odds_ratio_ci95": [
                1.3045456239726048,
                3.573357815392109
              ],
              "fisher_p_vs_rest": 0.0034634969176325354
            },
            {
              "category": "280-285",
              "n": 687,
              "candidate_n": 24,
              "candidate_rate": 0.034934497816593885,
              "candidate_standardized_residual": 0.2142850520444382,
              "odds_ratio_vs_rest": 1.0748346675948486,
              "odds_ratio_ci95": [
                0.6406883945437907,
                1.8031691731927677
              ],